Libro_25,62
Libro_29,202
Libro_33,13
Libro_39,192
Libro_40,169
Libro_51,283
Libro_67,291
Libro_73,186
Libro_90,144
Libro_119,414
Libro_135,58
Libro_148,178
Libro_157,212
Libro_158,145
Libro_161,339
Libro_174,421
Libro_182,465
Libro_183,113
Libro_204,439
Libro_205,114
Libro_206,139
Libro_207,85
Libro_212,430
Libro_215,153
Libro_224,354
Libro_237,110
Libro_247,101
Libro_248,218
Libro_259,298
Libro_268,477
Libro_276,405
Libro_293,68
Libro_298,132
Libro_300,51
Libro_303,354
Libro_305,287
Libro_309,264
Libro_316,152
Libro_321,183
Libro_324,486
Libro_346,190
Libro_349,111
Libro_375,303
Libro_380,314
Libro_388,93
Libro_391,89
Libro_393,31
Libro_405,8
Libro_407,111
Libro_417,342
Libro_428,285
Libro_429,415
Libro_434,355
Libro_437,312
Libro_452,50
Libro_457,237
Libro_470,226
Libro_475,290
Libro_486,500
Libro_497,132
Libro_505,356
Libro_515,381
Libro_520,380
Libro_521,364
Libro_523,153
Libro_540,159
Libro_545,195
Libro_548,133
Libro_553,359
Libro_560,383
Libro_569,123
Libro_571,82
Libro_586,96
Libro_592,477
Libro_608,149
Libro_615,1
Libro_632,56
Libro_638,471
Libro_639,283
Libro_645,444
Libro_659,162
Libro_690,330
Libro_696,164
Libro_697,63
Libro_705,212
Libro_710,87
Libro_711,35
Libro_717,124
Libro_720,424
Libro_739,8
Libro_770,323
Libro_771,222
Libro_776,132
Libro_793,184
Libro_803,174
Libro_804,150
Libro_810,59
Libro_815,391
Libro_827,428
Libro_830,287
Libro_832,381
Libro_840,79
Libro_841,255
Libro_844,338
Libro_852,109
Libro_864,71
Libro_867,182
Libro_869,285
Libro_870,103
Libro_875,151
Libro_879,469
Libro_887,247
Libro_891,341
Libro_893,77
Libro_910,265
Libro_917,3
Libro_924,416
Libro_932,278
Libro_938,279
Libro_943,363
Libro_957,482
Libro_972,458
Libro_982,4
Libro_993,361
